train_r2,train_corr,test_r2,test_corr
0.20619553768451282,0.4745102878073151,0.0363260529220405,0.22046900182807747
