train_r2,train_corr,test_r2,test_corr
0.22933198400671118,0.49869788176470814,0.03243171807201217,0.22139481332012068
