train_r2,train_corr,test_r2,test_corr
0.12658178148226285,0.3693594971357783,0.048723271310572414,0.22612793123309985
