outer_fold,hyperparameters,best_epoch,train_r2,train_corr,test_r2,test_corr,val_r2_mean,val_r2_std,val_corr_mean,val_corr_std
3,1.8e-05,64,0.07013285160064697,0.27472678526716654,0.032417237758636475,0.18082772478522965,0.03126455545425415,0.007364732838942319,0.17802215512155392,0.018757994007318972
