outer_fold,hyperparameters,best_epoch,train_r2,train_corr,test_r2,test_corr,val_r2_mean,val_r2_std,val_corr_mean,val_corr_std
1,2e-05,79,0.07282155752182,0.2925893994504984,0.0142832994461059,0.1260282633061224,0.0043700337409973,0.0037428329832368,0.0704939217625557,0.022135486986928
2,1.6e-05,25,0.0177588462829589,0.1365806824426617,0.0005531907081604,0.0486885597757379,0.0041725993156433,0.0126252298374717,0.0755955534124384,0.0533152839032783
3,1.8e-05,81,0.047498881816864,0.2384793230195059,0.0186944007873535,0.1386765538492592,0.0042186021804809,0.0087340233108217,0.0717420310392385,0.0416917350602183
4,1.4e-05,75,0.0338484048843383,0.2001394000149667,0.0081721544265747,0.1007812786148186,0.0062764763832092,0.0104971144999271,0.0694921168263245,0.0644179887130478
5,1.6e-05,80,0.0503690838813781,0.2443548858566968,0.00754976272583,0.0994376398425589,0.0053369998931884,0.0067065705153327,0.0834727657186263,0.036983865398461
