outer_fold,hyperparameters,best_epoch,train_r2,train_corr,test_r2,test_corr,val_r2_mean,val_r2_std,val_corr_mean,val_corr_std
4,1.4e-05,67,0.06228595972061157,0.2517105338330161,0.05078917741775513,0.22578525874245337,0.05455449819564819,0.014021669773149732,0.23303350052047475,0.029607696891421422
