outer_fold,hyperparameters,best_epoch,train_r2,train_corr,test_r2,test_corr,val_r2_mean,val_r2_std,val_corr_mean,val_corr_std
3,1.6e-05,170,0.08901345729827881,0.2996360891814667,0.06629598140716553,0.25759682692348035,0.052411019802093506,0.011187934496627324,0.23004050105857252,0.022995553735813766
